,min,max
Unnamed: 0,0.0,799999.0
label,-1.0,1.0
numstrings,0.0,2487230.0
avlength,0.0,222715.6150442478
printables,0.0,61745438.0
entropy,0.0,6.584957885857564
paths,0.0,247805.0
urls,0.0,26103.0
registry,0.0,2494.0
MZ,1.0,32523.0
size,234.0,536129951.0
vsize,512.0,4278288384.0
has_debug,0.0,1.0
exports_counts,0.0,52653.0
imports_counts,0.0,22092.0
has_relocations,0.0,1.0
has_resources,0.0,1.0
has_signature,0.0,1.0
has_tls,0.0,1.0
symbols,0.0,266130.0
coff.timestamp,0.0,4294967295.0
optional.major_image_version,0.0,65535.0
optional.minor_image_version,0.0,65535.0
optional.major_linker_version,0.0,255.0
optional.minor_linker_version,0.0,255.0
optional.major_operating_system_version,0.0,65535.0
optional.minor_operating_system_version,0.0,60928.0
optional.major_subsystem_version,0.0,57860.0
optional.minor_subsystem_version,0.0,65280.0
optional.sizeof_code,0.0,4294967295.0
optional.sizeof_headers,0.0,285213184.0
optional.sizeof_heap_commit,0.0,2141684876.0
